threads,total_threads,total_samples,total_time,avg_time_per_sample,max_time_per_sample,min_time_per_sample,total_tokens,throughput_tokens_per_second,throughput_reviews_per_second,initial_memory_mb,model_memory_mb,peak_memory_mb,memory_increase_mb,num_cpu_cores,active_cpu_cores,avg_core_usage,max_core_usage,per_core_usage,cpu_samples_collected
2,4,10000,1088.0258815288544,0.10730736396312714,0.19542860984802246,0.09320902824401855,344083,316.2452344575729,9.190957834521697,3201.2578125,3740.41015625,3754.7265625,14.31640625,4,1,50.9224177967676,79.60594464053501,"[47.31861415567527, 79.60594464053501, 40.38097715028794, 36.38413524057217]",5383
