threads,total_threads,total_samples,total_time,avg_time_per_sample,max_time_per_sample,min_time_per_sample,total_tokens,throughput_tokens_per_second,throughput_reviews_per_second,initial_memory_mb,model_memory_mb,peak_memory_mb,memory_increase_mb,num_cpu_cores,active_cpu_cores,avg_core_usage,max_core_usage,per_core_usage,cpu_samples_collected
2,4,10000,1024.5843451023102,0.10113085730075837,0.16005277633666992,0.08730149269104004,525386,512.7796481679968,9.76005542911301,364.2265625,1008.5859375,1030.14453125,21.55859375,4,3,50.942281151419564,65.72967271293376,"[55.0688880126183, 65.72967271293376, 18.583359621451102, 64.38720425867508]",5072
