threads,total_threads,total_samples,total_time,avg_time_per_sample,max_time_per_sample,min_time_per_sample,total_tokens,throughput_tokens_per_second,throughput_reviews_per_second,initial_memory_mb,model_memory_mb,peak_memory_mb,memory_increase_mb,num_cpu_cores,active_cpu_cores,avg_core_usage,max_core_usage,per_core_usage,cpu_samples_collected
3,6,10000,970.8084042072296,0.09562704348564148,0.3481104373931885,0.08429336547851562,344083,354.4293585725405,10.300693686480892,3200.57421875,3739.8203125,3758.08203125,18.26171875,4,3,75.28102121464227,98.97460482529118,"[98.97460482529118, 98.9721921797005, 58.609567387687186, 44.56772046589018]",4808
