cores,total_samples,total_time,throughput_samples_per_second,memory_before_mb,memory_after_mb,memory_increase_mb
1,1000,191.58257031440735,5.219681510478191,1007.5078125,1007.5078125,0.0
2,1000,101.71228194236755,9.831654357795475,1241.125,1241.125,0.0
3,1000,75.23197197914124,13.292221029076034,1231.48046875,1231.48046875,0.0
4,1000,57.73048543930054,17.321870626766653,1246.15625,1246.15625,0.0
