cores,total_samples,total_tokens,min_tokens,max_tokens,avg_tokens,total_time,throughput_samples_per_second,throughput_tokens_per_second
1,10000,343003,2,128,34.3003,1874.1537885665894,5.3357414215448715,183.01753148141555
2,10000,343003,2,128,34.3003,979.2319822311401,10.212084757705123,350.27757081471304
3,10000,343003,2,128,34.3003,686.3499245643616,14.569827491927207,499.7494539213508
4,10000,343003,2,128,34.3003,519.985846042633,19.231292690186248,659.6391086611953
