parallelism,spark_time,torch_time,time_ratio,spark_speedup,torch_speedup,speedup_ratio,spark_efficiency,torch_efficiency,efficiency_ratio
1,1929.841796875,1869.7246539592743,0.9688486677959439,1.0,1.0,1.0,1.0,1.0,1.0
2,966.2496902942656,1024.6568279266355,1.0604472510770817,1.9972495890656152,1.8247325377635066,0.9136226877969627,0.9986247945328076,0.9123662688817533,0.9136226877969627
3,663.4061007499695,971.346658229828,1.4641810757117502,2.9089901263997215,1.9248788659721556,0.6617000341470598,0.9696633754665739,0.6416262886573852,0.6617000341470598
4,496.4435796737671,683.6826522350311,1.3771608300067175,3.8873335780536755,2.734784403036915,0.7035116354501733,0.9718333945134189,0.6836961007592287,0.7035116354501733
