threads,total_threads,total_samples,total_time,avg_time_per_sample,max_time_per_sample,min_time_per_sample,total_tokens,throughput_tokens_per_second,throughput_reviews_per_second,initial_memory_mb,model_memory_mb,peak_memory_mb,memory_increase_mb,num_cpu_cores,active_cpu_cores,avg_core_usage,max_core_usage,per_core_usage,cpu_samples_collected
1,2,10000,1901.1241629123688,0.1886204303741455,0.2951574325561523,0.1673424243927002,344083,180.9892308521778,5.2600457114178205,3200.20703125,3739.4609375,3749.2109375,9.75,4,0,26.137310344827583,34.73751724137931,"[34.73751724137931, 15.814557029177717, 31.17369761273209, 22.82346949602122]",9425
2,4,10000,1088.0258815288544,0.1073073639631271,0.1954286098480224,0.0932090282440185,344083,316.2452344575729,9.190957834521695,3201.2578125,3740.41015625,3754.7265625,14.31640625,4,1,50.9224177967676,79.60594464053501,"[47.31861415567527, 79.60594464053501, 40.38097715028794, 36.38413524057217]",5383
3,6,10000,970.8084042072296,0.0956270434856414,0.3481104373931885,0.0842933654785156,344083,354.4293585725405,10.300693686480892,3200.57421875,3739.8203125,3758.08203125,18.26171875,4,3,75.28102121464227,98.97460482529118,"[98.97460482529118, 98.9721921797005, 58.609567387687186, 44.56772046589018]",4808
4,8,10000,658.121423959732,0.0644101381540298,1.7938294410705566,0.0540399551391601,344083,522.826012758784,15.194764424827268,3198.3125,3737.671875,3771.640625,33.96875,4,4,99.02467741935484,99.10482334869432,"[99.09287250384024, 99.10482334869432, 98.89760368663595, 99.00341013824884]",3255
