target_mb,num_partitions,reviews_per_partition,total_reviews,result_count,process_time,total_time,throughput
2,5,3243.2,16216,16216,1224.5837993621826,1225.0827226638794,13.242050081379494
4,3,5405.333333333333,16216,16216,1063.9648704528809,1064.1363644599915,15.241104711565896
8,2,8108.0,16216,16216,1513.8785572052002,1514.0204195976257,10.711559340622847
