threads,total_threads,total_samples,total_time,avg_time_per_sample,max_time_per_sample,min_time_per_sample,total_tokens,throughput_tokens_per_second,throughput_reviews_per_second,initial_memory_mb,model_memory_mb,peak_memory_mb,memory_increase_mb,num_cpu_cores,active_cpu_cores,avg_core_usage,max_core_usage,per_core_usage,cpu_samples_collected
3,6,10000,962.5254609584808,0.09465487470626831,0.16956734657287598,0.08032703399658203,525386,545.8411453104022,10.38933556109988,364.09375,1008.4140625,1040.07421875,31.66015625,4,4,75.36691377497371,98.24286014721346,"[53.193669821240796, 98.24286014721346, 70.20132492113565, 79.82980021030494]",4755
