threads,total_threads,total_samples,total_time,avg_time_per_sample,max_time_per_sample,min_time_per_sample,total_tokens,throughput_tokens_per_second,throughput_reviews_per_second,initial_memory_mb,model_memory_mb,peak_memory_mb,memory_increase_mb,num_cpu_cores,active_cpu_cores,avg_core_usage,max_core_usage,per_core_usage,cpu_samples_collected
1,2,10000,1836.711421251297,0.1823270498037338,0.2886013984680176,0.1668150424957275,525386,286.0471132923375,5.444513429979815,364.09765625,1008.40625,1022.53125,14.125,4,1,26.23590440127319,53.42343321260015,"[37.82514542860279, 3.7663264186148613, 53.42343321260015, 9.928712545274944]",9111
2,4,10000,1024.5843451023102,0.1011308573007583,0.1600527763366699,0.08730149269104,525386,512.7796481679968,9.76005542911301,364.2265625,1008.5859375,1030.14453125,21.55859375,4,3,50.94228115141957,65.72967271293376,"[55.0688880126183, 65.72967271293376, 18.583359621451102, 64.38720425867508]",5072
3,6,10000,962.5254609584808,0.0946548747062683,0.1695673465728759,0.080327033996582,525386,545.8411453104022,10.38933556109988,364.09375,1008.4140625,1040.07421875,31.66015625,4,4,75.36691377497371,98.24286014721346,"[53.193669821240796, 98.24286014721346, 70.20132492113565, 79.82980021030494]",4755
4,8,10000,661.9914824962616,0.0647341787815094,0.1210055351257324,0.0553817749023437,525386,793.6446523735552,15.105934539054244,363.95703125,1008.28515625,1034.25,25.96484375,4,4,98.74968702290076,98.82784732824427,"[98.80045801526718, 98.82784732824427, 98.80784732824426, 98.56259541984733]",3275
